{
    "mean_r2": 0.23254667321711242,
    "mean_rmse": 0.19428404902905774,
    "mean_mae": 0.15440339952391507,
    "std_r2": 0.008054116816335024,
    "features_count": 145,
    "rows_count": 9028,
    "categorical_count": 13
}